question,faithfulness,answer_relevancy,context_recall,context_precision_with_reference,factual_correctness,answer
Когда состоялся первый полёт LZ 1 и каковы были его размеры?,1.0,0.9507377541292784,1.0,0.9999999999,0.97,"Первый полёт LZ 1 состоялся 2 июля 1900 года над Боденским озером, старт был выполнен с плавучего эллинга [1].

Размеры и характеристики:
- длина — около 128 м [1]
- диаметр — около 11,7 м [1]
- объём водорода — около 11 300 м³ [1]
- удлинение (длина к диаметру) — около 11, то есть корпус был очень длинным и тонким [1]

Дополнительно: два двигателя Daimler по примерно 14 л. с. каждый обеспечивали скорость около 27 км/ч, управление по тангажу осуществлялось перемещением подвижного груза вдоль корпуса, а сам первый полёт длился около 18 минут [1]. Из-за недостаточной жёсткости конструкции и слабой управляемости корабль разобрали в 1901 году [1]."
Что такое удлинение дирижабля и каким оно было у «Гинденбурга»?,1.0,0.5929465334951983,1.0,0.99999999995,0.79,"**Удлинение (fineness ratio)** — отношение длины корпуса L к максимальному диаметру D; это главный параметр формы дирижабля [1].

**У «Гинденбурга» (LZ 129):** длина 245 м, диаметр 41,2 м, то есть удлинение около 5,9 [1][2]. Это значение близко к аэродинамическому оптимуму [1].

**Для сравнения** [1]:
- LZ 1 (1900): 128 м / 11,7 м ≈ 11 — очень тонкий и длинный корпус;
- LZ 127 «Граф Цеппелин»: 236,6 м / 30,5 м ≈ 7,8 (корпус вытянули, чтобы корабль поместился в существующий эллинг);
- Zeppelin NT: около 5.

**Почему это важно:** для заданного объёма минимальное сопротивление дают удлинения примерно 4–6 [1]. Слишком короткий корпус имеет большое сопротивление давления (формы) и ранний отрыв потока; слишком длинный — большую площадь поверхности, лишнее сопротивление трения, а также большой изгибающий момент и массу каркаса [1]. Удлинение около 6 считается хорошим компромиссом между аэродинамикой, прочностью и массой [1]."
Какую долю сопротивления обтекаемого корпуса дирижабля составляет трение?,0.9090909090909091,0.768980353736067,1.0,0.9999999999,0.8,"Сопротивление трения (skin friction) у хорошо обтекаемого корпуса составляет основную часть полного сопротивления — порядка **60–70 %** сопротивления «голого» корпуса [1].

Оно пропорционально смачиваемой площади поверхности и зависит от числа Рейнольдса и шероховатости обшивки [1]. Остальная часть приходится на сопротивление давления (формы) из-за отрыва потока и следа за кормой, которое при удачных обводах мало [1]. Отдельно к этому добавляется сопротивление надстроек и интерференции (гондолы, моторные гондолы, оперение, тросы, выступы) — на классических цеппелинах оно добавляло к сопротивлению корпуса десятки процентов [1]."
По какой формуле считают аэродинамическое сопротивление дирижабля и какой у него типичный коэффициент?,1.0,0.9020424536863224,0.75,0.99999999995,0.65,"**Формула.** Сопротивление дирижабля относят не к площади миделя, а к объёму в степени 2/3 [1]:

D = ½ · ρ · v² · C_DV · V^(2/3),

где ρ — плотность воздуха, v — воздушная скорость, V — объём корпуса, C_DV — объёмный коэффициент сопротивления [1]. Величина V^(2/3) имеет размерность площади, и её удобно использовать, поскольку объём напрямую определяет подъёмную силу [1]. Множитель ½ρv² называют скоростным напором — он определяет аэродинамические силы [2].

**Типичные значения C_DV.** Для хорошо обтекаемых корпусов с оперением и гондолами — примерно 0,02–0,03 [1][2]. Для «голого» корпуса объёмом 200 000 м³ при скорости 135 км/ч расчёт даёт заметно меньшие значения [3]:

- удлинение 4: ≈ 0,0139 [3]
- удлинение 5: ≈ 0,0133 [3]
- удлинение 6: ≈ 0,0132 [3]
- удлинение 7: ≈ 0,0133 [3]
- удлинение 8: ≈ 0,0135 [3]

**Пересчёт на мидель.** Коэффициент, отнесённый к площади наибольшего поперечного сечения, больше: C_D,мидель = C_DV · V^(2/3) / A_мидель; для «Гинденбурга» это около 0,06 [1]."
"На сколько вырастет требуемая мощность, если дирижабль полетит на 10% быстрее?",1.0,0.9151561106568901,1.0,0.9999999999,1.0,"Примерно на 33 % больше мощности [1].

Причина: сопротивление растёт как квадрат скорости (D ∝ v²), поэтому потребная мощность P = D·v ∝ v³, и увеличение скорости в 1,1 раза даёт 1,1³ ≈ 1,33 [1].

Для сравнения: снижение скорости на 10 % экономит около 27 % мощности (0,9³ ≈ 0,73) [1]. Именно поэтому дирижабли экономичны лишь на умеренных скоростях — обычно 80–130 км/ч [1]."
Насколько гелий уступает водороду по подъёмной силе?,0.6470588235294118,0.8596045146395171,1.0,0.99999999995,0.62,"Гелий даёт примерно на 7–8 % меньшую подъёмную силу, чем водород [1].

Конкретные значения при стандартных условиях у земли (15 °C, 101 325 Па): водород — около 1,14 кг на 1 м³, гелий — около 1,06 кг на 1 м³ [1]. При этом гелий тяжелее водорода вдвое (плотности около 0,169 кг/м³ против 0,085 кг/м³ при плотности воздуха 1,225 кг/м³), но разница в подъёмной силе мала, поскольку оба газа намного легче воздуха [1].

Практическое следствие: чтобы поднять 1 тонну, нужно около 880 м³ водорода или около 950 м³ гелия (у земли, при идеальной чистоте газа) [1].

Разрыв сохраняется и при других температурах (при равных температуре газа и воздуха, 101 325 Па) [2]:
- −20 °C: водород ≈ 1,30 кг/м³, гелий ≈ 1,20 кг/м³ [2];
- 0 °C: водород ≈ 1,20 кг/м³, гелий ≈ 1,11 кг/м³ [2];
- +30 °C: водород ≈ 1,08 кг/м³, гелий ≈ 1,00 кг/м³ [2]."
"Почему «Гинденбург» был наполнен водородом, а не гелием?",1.0,0.9434677455083221,0.8,0.99999999995,0.55,"«Гинденбург» изначально проектировался под гелий, но был наполнен водородом из-за недоступности гелия для Германии [1].

Причины:
- Гелий добывался только из некоторых месторождений природного газа, и в 1920–1930-е годы практически весь доступный гелий добывали в США [1].
- Закон о контроле за гелием 1927 года (Helium Control Act) запрещал его экспорт из США [1].

Дополнительно: после гибели «Гинденбурга» в 1937 году США изменили закон и разрешили продажу гелия для гражданских целей, Германия заказала его для однотипного LZ 130 «Граф Цеппелин II», но после аншлюса Австрии в марте 1938 года министр внутренних дел США Гарольд Икес отказался одобрить поставку, опасаясь военного использования [3]. В итоге LZ 130 тоже летал на водороде и пассажиров не возил [2][3]."
Что такое высота давления дирижабля?,1.0,0.8502439228067785,0.8333333333333334,0.99999999995,0.62,"**Высота давления** — это высота, на которой газовые ячейки дирижабля заполнены на 100% [1].

Механизм: при подъёме наружное давление падает, и несущий газ в ячейках расширяется [1]. Если подняться выше высоты давления, предохранительные клапаны начнут стравливать газ, и соответствующая подъёмная сила будет потеряна безвозвратно [1].

Практическое следствие: перед полётом ячейки заполняют не полностью — доля заполнения равна относительной плотности воздуха на высоте давления (по стандартной атмосфере ISA) [2]:

- 500 м — около 95% [2];
- 1000 м — около 91% (в другом фрагменте — примерно 90%) [2][1];
- 1500 м — около 86% [2];
- 2000 м — около 82% [2];
- 3000 м — около 74% [2].

Чем выше планируемая высота давления, тем меньше газа берут на старте и тем меньше полезная нагрузка и подъёмная сила [1][2]. Поэтому пассажирские цеппелины над океаном обычно летели на высоте нескольких сотен метров, чтобы не терять газ [2]."
Зачем на «Графе Цеппелине» использовали блау-газ?,1.0,0.9260182415784001,0.5,0.99999999995,0.78,"Блау-газ — газообразное топливо с плотностью, близкой к плотности воздуха [1][2]. Его применяли на «Графе Цеппелине», чтобы расход топлива почти не менял плавучесть корабля [1][2]: при сжигании обычного жидкого топлива дирижабль постепенно облегчался бы, и для компенсации пришлось бы стравливать дорогой несущий газ [1]. Блау-газ хранили в отдельных ячейках объёмом около 30 000 м³ [1]."
Сколько человек погибло в катастрофе «Гинденбурга» и где это произошло?,1.0,0.9648867285772682,1.0,0.9999999999,1.0,"В катастрофе «Гинденбурга» погибли 36 человек: 13 пассажиров, 22 члена экипажа и 1 член наземной команды [1]. Всего на борту находилось 97 человек — 36 пассажиров и 61 член экипажа, то есть большинство выжило [1].

Произошло это 6 мая 1937 года при заходе на причальную мачту на авиабазе ВМС США Лейкхерст (Нью-Джерси) после трансатлантического рейса из Франкфурта; корабль сгорел примерно за 30–40 секунд [1]."
Какие двигатели стояли на «Гинденбурге» и какой была его скорость?,0.9285714285714286,0.7420289629526508,0.6666666666666666,0.0,0.33,"**Двигатели.** На LZ 129 «Гинденбург» стояли четыре 16-цилиндровых дизеля Daimler-Benz DB 602 с максимальной мощностью около 1200 л. с. (около 880 кВт) и крейсерской около 850 л. с. [1]

**Почему дизели.** У дизельного топлива выше температура вспышки, чем у бензина, и его пары труднее воспламенить — для корабля с водородом это важное преимущество в безопасности; кроме того, дизель расходует меньше топлива на единицу работы, хотя весит больше на единицу мощности [2]. DB 602 считался удачным: лёгким для дизеля того времени и надёжным, в отличие от слишком тяжёлых Beardmore Tornado на британском R101 [2].

**Скорость.** Данных о скорости «Гинденбурга» в базе знаний нет."
Чем жёсткий дирижабль отличается от мягкого?,1.0,0.8775088814063895,1.0,0.99999999995,0.5,"# Отличия жёсткого дирижабля от мягкого

**Конструкция.** Жёсткий дирижабль имеет каркас, газ размещён в отдельных ячейках, поверх натянута обшивка [1]. Мягкий дирижабль (blimp) каркаса не имеет — форму держит только давление газа [1][3].

**Элементы каркаса жёсткого корабля:** поперечные кольцевые рамы — шпангоуты (главные шпангоуты имеют проволочную расчалку и разделяют газовые ячейки), продольные балки — стрингеры, натянутые стальные тросы — расчалки, а также киль — продольная конструкция в нижней части корпуса с коридором, баками и грузовыми отсеками [1].

**Давление.** В мягком дирижабле оболочка держит форму избыточным давлением обычно в несколько сотен паскалей; давление должно превышать скоростной напор в носу, иначе набегающий поток вдавит нос внутрь [3]. В жёстком корабле газ не находится под заметным избыточным давлением [2].

**Живучесть.** В жёстком дирижабле пробоина одной ячейки не приводит к потере формы [2]. У мягкого при падении давления оболочка морщится и теряет форму, поэтому экипаж постоянно следит за давлением и регулирует его баллонетами [3].

**Особенности мягкой конструкции:** нос усиливают продольными рейками (nose battens) с креплением причального узла; гондолу подвешивают на тросах к катенарному поясу, распределяющему её вес по большой площади оболочки [3].

**Размеры и цена решения.** Мягкая оболочка тем тяжелее, чем больше корабль, и хуже держит форму при изгибе; жёсткий каркас позволяет строить корабли длиной 200–250 м, но ценой большой массы конструкции и сложности постройки [2].

Промежуточный вариант — полужёсткий дирижабль: форму держит давление газа, а жёсткий киль или ферма распределяет нагрузки [1]."
"Зачем дирижаблю хвостовое оперение, если он и так легче воздуха?",1.0,0.8662833083706714,1.0,0.99999999995,0.72,"Потому что плавучесть и устойчивость — разные задачи: лёгкость дирижабля обеспечивает только подъём, но не выдерживание направления [1].

**Проблема: момент Мунка.** Вытянутый корпус в потоке воздуха аэродинамически неустойчив. При отклонении корпуса от направления потока на небольшой угол давление воздуха у носа и кормы создаёт момент, разворачивающий корпус ещё сильнее. Этот дестабилизирующий момент называют моментом Мунка, он растёт пропорционально скоростному напору и объёму корпуса [1].

**Решение: оперение.** Хвостовое оперение вынесено далеко от центра масс, на длинном плече, и создаёт противоположный стабилизирующий момент, перекрывающий момент Мунка. Рули на оперении дополнительно позволяют управлять тангажом и рысканием [1].

**Схемы оперения.** У классического цеппелина оперение крестообразное: четыре стабилизатора, два горизонтальных с рулями высоты и два вертикальных с рулями направления [2]. У Zeppelin NT — Y-образное (перевёрнутое, из трёх поверхностей), у Airlander 10 — Х-образное [2]."
Из чего делали газовые ячейки цеппелинов?,1.0,0.9165056631271038,1.0,0.9999999999,0.87,"Газовые ячейки классических цеппелинов изготавливали из прорезиненной ткани [1]. Позднее для них стали применять бодрюш (goldbeater's skin) — тонкую плёнку из внешней оболочки слепой кишки крупного рогатого скота; она очень лёгкая и плохо пропускает водород [1]. На один большой корабль уходили сотни тысяч коровьих кишок, из-за чего в Германии в войну даже ограничивали производство колбас [1].

У «Гинденбурга» ячейки были сделаны из хлопковой ткани с газонепроницаемым покрытием на основе желатина [1].

Дополнительно: в каждой ячейке стояли автоматические предохранительные клапаны, стравливавшие газ при перерасширении, и маневровые клапаны с управлением из рубки [1]."
Какой дирижабль первым пролетел над Северным полюсом?,1.0,0.8329391755477262,1.0,0.9999999999,0.67,"Первым достоверно подтверждённым перелётом над Северным полюсом считается полёт полужёсткого дирижабля «Норвегия» (Norge, N-1) конструкции Умберто Нобиле — 12 мая 1926 года [1]. На борту находились Руаль Амундсен, Линкольн Элсуорт и сам Нобиле, маршрут шёл со Шпицбергена на Аляску [1].

Для сравнения: однотипная «Италия» достигла полюса лишь в мае 1928 года и 25 мая на обратном пути разбилась о лёд; выживших спас советский ледокол «Красин», а Амундсен погиб во время поисков экспедиции на гидросамолёте [1]."
Каковы основные характеристики Zeppelin NT07?,1.0,0.8551150105210227,1.0,0.9999999999,0.6,"**Zeppelin NT07 (Neue Technologie)**

**Конструкция и происхождение**
- Разработан фирмой Zeppelin Luftschifftechnik во Фридрихсхафене; первый полёт прототипа — 1997 год [1].
- Тип — полужёсткий дирижабль: внутри гелиевой оболочки расположена треугольная ферма из углепластика с алюминиевыми продольными балками, несущая гондолу, двигатели и оперение [1].
- Оперение Y-образное [1].

**Основные параметры**
- Длина — около 75 м [1].
- Объём гелия — около 8 400 м³ [1] (в расчётном примере — около 8 425 м³) [2].
- Силовая установка — три двигателя Lycoming примерно по 200 л. с.: два по бокам в передней части и один на корме, суммарно около 450 кВт [1][2].
- Винты поворотные (векторизация тяги), что позволяет висеть, взлетать и садиться почти вертикально [1].
- Максимальная скорость — около 125 км/ч (34,7 м/с) [1][2].
- Экипаж и пассажиры — 12–14 пассажиров и 1–2 пилота [1].

**Аэродинамика и подъёмная сила (расчётный пример)**
- V^(2/3) ≈ 414 м²; скоростной напор у земли на 125 км/ч — около 738 Па [2].
- При C_DV ≈ 0,025–0,035 сопротивление составляет около 7,6–10,7 кН, полезная тяговая мощность — около 265–370 кВт, мощность на валах — около 380–530 кВт при КПД винтов 0,7; это согласуется с мощностью двигателей (~450 кВт) для середины диапазона C_DV [2].
- Валовая подъёмная сила гелия для такого объёма — около 8,9 т, поэтому полезная нагрузка невелика (иллюстрация закона квадрата-куба) [2].

**Применение**
- Туристические полёты над Боденским озером, научные измерения атмосферы, геологическая разведка, реклама [1].
- С 2014 года компания Goodyear в США эксплуатирует дирижабли на базе Zeppelin NT вместо традиционных мягких «блимпов» [1]."
Почему трансокеанские дирижабли строили такими огромными?,1.0,0.6552149031902328,0.8333333333333334,0.9999999999,0.56,"Из-за закона квадрата-куба: при увеличении всех размеров в 2 раза объём и подъёмная сила растут в 8 раз, а площадь поверхности — только в 4 раза [1]. Масса обшивки, газовых ячеек и значительной части каркаса растёт примерно пропорционально площади, как и сопротивление трения, поэтому у крупного корабля на тонну подъёмной силы приходится меньше массы конструкции и меньше сопротивления [1].

Разница в цифрах:
- **Zeppelin NT07**: около 8 400 м³ гелия, валовая подъёмная сила около 8,9 т, полезная нагрузка около 2 т — примерно пятая часть [1].
- **«Гинденбург»**: около 200 000 м³ водорода, валовая подъёмная сила около 228 т, пустой вес около 118 т; на топливо, балласт, экипаж, пассажиров и груз оставалось около 110 т — почти половина [1].

Для трансокеанского рейса требуются десятки тонн топлива плюс запас балласта, экипаж и пассажиры; на маленьком корабле вся подъёмная сила ушла бы на конструкцию [1]. Большой корабль также легче несёт мощные двигатели, поэтому он быстрее и меньше зависит от встречного ветра [1]. Ограничивали рост размеров прочность каркаса, размеры эллингов и стоимость газа [1]."
Чем знаменит дирижабль «Франция» 1884 года?,1.0,0.8611797372084106,1.0,0.9999999999,0.92,"Дирижабль «Франция» (La France) знаменит тем, что 9 августа 1884 года на нём французские военные инженеры Шарль Ренар и Артюр Кребс совершили первый полёт по замкнутому маршруту, вернувшись в точку старта в Шале-Мёдоне [1]. Круг длиной около 8 км занял 23 минуты [1]. Это был первый полностью управляемый полёт дирижабля [1].

Двигателем служил электромотор, питавшийся от тяжёлой батареи, которая и ограничивала продолжительность полёта [1]."
Какие меры пожарной безопасности применялись на «Гинденбурге»?,0.9473684210526315,0.682421558393802,0.6,0.0,0.63,"На «Гинденбурге» и других водородных кораблях действовал комплекс противопожарных мер [1]:

- **Изъятие источников огня у пассажиров** — при посадке сдавали спички и зажигалки [1].
- **Изолированная курительная комната** — курить разрешалось только в ней; она отделялась от остального корпуса шлюзом, в ней поддерживалось небольшое избыточное давление (чтобы водород не проникал внутрь), а прикурить можно было лишь от единственной электрической зажигалки [1].
- **Экипировка экипажа** — работавшие внутри корпуса носили обувь без металлических гвоздей и комбинезоны без металлических деталей, чтобы исключить высекание искры [1].
- **Безыскровой инструмент** — инструменты и оборудование подбирались так, чтобы исключить искрение [1].

Несмотря на это, электростатика и утечки водорода оставались неустранимыми рисками и считаются причиной гибели корабля [1]. Наиболее распространённая версия катастрофы — электростатический разряд при сбросе причальных тросов в грозовую погоду, воспламенивший водород, утекавший в районе кормы [2]."
Насколько меняется подъёмная сила дирижабля при изменении температуры воздуха?,1.0,0.7738615249682881,0.8333333333333334,0.9999999999,0.61,"**Зависимость подъёмной силы от температуры**

Плотность газа при постоянном давлении обратно пропорциональна абсолютной температуре, поэтому подъёмная сила падает примерно на 0,35 % на каждый градус потепления (1/288 при 15 °C) [1]. Между морозным и жарким днём разница достигает около 20 % [1].

**Конкретные значения** (подъёмная сила 1 м³ при равенстве температур газа и воздуха, давление 101 325 Па) [1]:

| Температура | Водород | Гелий |
|---|---|---|
| −20 °C | ≈1,30 кг | ≈1,20 кг |
| 0 °C | ≈1,20 кг | ≈1,11 кг |
| +15 °C | ≈1,14 кг | ≈1,06 кг |
| +30 °C | ≈1,08 кг | ≈1,00 кг |

**Практические следствия**

- Жаркая погода и высокогорные аэродромы заметно уменьшают полезную нагрузку [1].
- Отдельно действует разность температур газа и воздуха — перегрев (superheat): солнце нагревает оболочку и газ, газ расширяется, становится менее плотным, и подъёмная сила растёт [2]. Ночью или в тени облака газ охлаждается, и корабль тяжелеет [2].
- Такие колебания составляют несколько процентов подъёмной силы, то есть тонны для большого корабля [2]. Алюминиевый лак на обшивке уменьшал нагрев, а командиру приходилось постоянно балансировать корабль балластом, клапанами и динамическим подъёмом [2]."
Как штурманы цеппелинов использовали циклоны при выборе маршрута?,1.0,0.8370901587394023,1.0,0.9999999999,0.67,"В Северном полушарии ветер вокруг циклона (области низкого давления) дует против часовой стрелки: к северу от центра — восточные ветры, к югу — западные [1]. Хуго Эккенер и его штурманы использовали эту закономерность: при полёте на запад, в Америку, циклон выгодно обходить с севера, а на восток, в Европу, — с юга, чтобы ветер был попутным [1]. Такой выбор маршрута позволял сэкономить десятки часов и много топлива [1]; позднее аналогичную тактику (pressure-pattern flying) переняли самолёты [1].

Основой для таких решений служила информация о погоде: на трансокеанских рейсах на борту находился метеоролог или обученный офицер, несколько раз в сутки по радио принимались сводки с кораблей и береговых станций, по которым строили синоптическую карту, а командир выбирал маршрут с учётом циклонов, фронтов и гроз [4].

Смысл манёвра — в выигрыше путевой скорости, которая равна воздушной скорости плюс вектор ветра: при крейсерской скорости около 120 км/ч встречный ветер 50 км/ч снижает путевую скорость почти вдвое, увеличивая время в пути и расход топлива [2]. Поэтому штурманы прокладывали маршруты по метеокартам, выбирая попутные ветры и обходя циклоны; рейс «Гинденбурга» на запад, против преобладающих ветров, занимал заметно больше времени, чем на восток [2].

При этом выгодный ветер искали преимущественно изменением маршрута в плане, а не высоты: подъём выше высоты давления стоил газа, а значит подъёмной силы и полезной нагрузки, поэтому пассажирские цеппелины летали низко, на высоте несколько сотен метров [3]."
Кто и как сбил дирижабль SL 11?,1.0,0.6667262862551318,0.6666666666666666,0.9999999999,0.84,"Дирижабль SL 11 (фирмы «Шютте-Ланц») сбил лейтенант Уильям Лиф Робинсон в ночь со 2 на 3 сентября 1916 года над Лондоном, действуя на истребителе BE 2c [1]. Он применил пулемёт, заряженный зажигательными и разрывными пулями [1]. Горящий дирижабль наблюдали тысячи лондонцев, а Робинсон был награждён Крестом Виктории [1]. После этого случая водородные дирижабли оказались уязвимы для истребителей, и их потери резко выросли [1]."
Сколько стоил билет на «Гинденбург» и сколько длился перелёт через Атлантику?,1.0,0.8210475413553149,1.0,0.9999999999,0.88,"**Стоимость билета:** около 400 долларов США в одну сторону между Франкфуртом и Лейкхерстом по ценам 1936 года — очень большая сумма [1], сопоставимая со стоимостью автомобиля [2].

**Длительность перелёта:** обычно 2–3 суток через Северную Атлантику; на запад, против преобладающих ветров, дольше, на восток быстрее [1]. Для сравнения, океанский лайнер преодолевал этот путь примерно за 5 суток и более [1]."
Какой дирижабль первым перелетел Атлантику и когда?,0.9230769230769231,0.8355585775935271,1.0,0.9999999999,0.84,"Британский жёсткий дирижабль **R34** совершил первый перелёт через Атлантику с востока на запад и первый двусторонний трансатлантический перелёт [1].

- Вылет: 2 июля 1919 года из Ист-Фортуна (Шотландия) [1]
- Прибытие: 6 июля 1919 года в Минеолу (Нью-Йорк) [1]
- Длительность перелёта: около 108 часов, к концу топлива почти не осталось [1]
- Обратный путь в Англию: около 75 часов благодаря попутным ветрам [1]

Дополнительные детали: один из членов экипажа спустился на землю на парашюте, чтобы руководить незнакомой американской наземной командой; конструкция R34 основывалась на изучении германских военных цеппелинов [1].

Уточнение: в базе знаний нет данных о том, какой дирижабль пересёк Атлантику первым в направлении с запада на восток, — приведённый фрагмент говорит именно о первенстве R34 в перелёте с востока на запад и в двустороннем перелёте [1]."
Что такое баллонет?,1.0,0.6855920799258768,1.0,0.99999999995,0.67,"**Баллонет** — мешок с воздухом внутри оболочки мягкого или полужёсткого дирижабля, служащий для поддержания давления и управления дифферентом [2].

Как это работает:
- При подъёме несущий газ расширяется, и воздух из баллонетов стравливают; при спуске в баллонеты нагнетают воздух — вентиляторами или скоростным напором от винтов [1].
- Благодаря этому оболочка сохраняет избыточное давление и форму без потерь несущего газа [1].
- Передний и задний баллонеты можно наполнять по-разному, чтобы управлять дифферентом [1].

Зачем это нужно: форму оболочки мягкого дирижабля держит только избыточное давление газа, обычно несколько сотен Па, и оно должно превышать скоростной напор в носу, иначе набегающий поток вдавит нос внутрь [3]. При падении давления оболочка морщится и теряет форму, поэтому экипаж постоянно следит за давлением и регулирует его баллонетами [3]."
